BookingId,FlightId,Bookdate
1,1,2021-08-15 06:43:22
2,2,2021-06-29 06:39:49
3,3,2022-01-13 12:52:46
4,4,2021-07-19 23:20:13
5,5,2021-10-13 20:48:27
6,6,2021-06-20 13:45:29
7,7,2021-10-01 14:18:13
8,8,2022-01-27 09:55:53
9,9,2022-01-01 06:37:52
10,10,2021-04-19 12:52:36
11,11,2021-10-07 04:42:20
12,12,2021-08-21 15:47:48
13,13,2021-05-24 11:17:33
14,14,2021-04-04 21:34:59
15,15,2021-09-19 16:44:48
16,16,2021-04-17 19:53:38
17,17,2021-10-03 04:56:41
18,18,2021-05-04 15:57:09
19,19,2021-02-08 12:07:21
20,20,2021-05-21 05:01:21
21,21,2021-11-18 20:56:11
22,22,2021-07-21 04:00:27
23,23,2021-06-08 02:41:59
24,24,2021-01-24 23:51:03
25,25,2021-06-15 11:15:38
26,26,2021-10-01 02:07:52
27,27,2021-10-23 03:13:35
28,28,2021-03-13 07:59:47
29,29,2021-03-21 10:02:02
30,30,2022-01-29 12:02:15
31,31,2022-01-16 15:46:55
32,32,2021-06-14 21:15:41
33,33,2021-01-13 10:10:13
34,34,2021-06-30 04:37:46
35,35,2021-05-09 18:06:34
36,36,2022-01-13 10:49:12
37,37,2021-05-21 17:19:47
38,38,2021-07-22 19:26:51
39,39,2021-07-10 13:10:00
40,40,2021-06-08 19:17:51
41,41,2022-01-04 03:23:29
42,42,2021-06-20 21:39:32
43,43,2021-12-14 20:46:41
44,44,2021-03-15 09:30:35
45,45,2021-02-21 00:24:25
46,46,2021-07-14 23:31:39
47,47,2021-11-03 09:11:26
48,48,2021-11-07 03:58:25
49,49,2021-11-18 23:15:14
50,50,2021-03-09 20:06:05
51,51,2021-04-14 18:44:08
52,52,2021-06-30 15:58:50
53,53,2021-05-20 21:07:04
54,54,2021-05-07 23:42:38
55,55,2021-01-20 04:13:38
56,56,2021-09-18 06:13:43
57,57,2021-02-04 13:17:51
58,58,2021-05-07 05:45:55
59,59,2021-11-16 13:09:47
60,60,2021-04-20 12:41:16
61,61,2021-02-14 05:12:28
62,62,2021-10-24 17:35:16
63,63,2021-02-09 17:02:56
64,64,2021-02-22 01:38:37
65,65,2021-07-02 03:00:31
66,66,2021-10-02 03:59:26
67,67,2021-11-26 16:56:53
68,68,2021-08-28 16:17:13
69,69,2021-08-05 20:36:47
70,70,2021-10-18 21:01:20
71,71,2021-12-04 21:03:20
72,72,2021-02-24 07:22:25
73,73,2022-01-24 10:43:19
74,74,2021-06-07 14:00:22
75,75,2021-03-26 18:43:15
76,76,2021-02-08 01:30:01
77,77,2021-09-06 17:24:17
78,78,2021-07-03 21:55:26
79,79,2021-11-28 14:41:45
80,80,2021-08-01 16:57:05
81,81,2021-04-08 09:17:59
82,82,2021-11-03 08:20:51
83,83,2021-10-09 01:39:00
84,84,2021-01-26 21:45:48
85,85,2021-03-30 01:23:02
86,86,2021-10-21 05:24:06
87,87,2021-04-09 11:11:07
88,88,2021-01-31 17:53:08
89,89,2021-03-12 00:38:26
90,90,2021-04-17 18:44:59
91,91,2021-02-12 16:13:56
92,92,2021-07-05 21:34:05
93,93,2021-05-14 01:16:27
94,94,2021-05-19 17:39:09
95,95,2021-03-13 04:11:17
96,96,2021-11-17 13:29:53
97,97,2021-08-20 16:26:49
98,98,2021-05-20 04:15:38
99,99,2021-07-07 00:39:19
100,100,2021-07-23 01:37:28
101,101,2021-04-04 04:58:36
102,102,2021-07-10 07:47:48
103,103,2021-05-06 21:49:36
104,104,2021-04-30 17:46:16
105,105,2021-03-11 14:58:56
106,106,2021-04-05 13:01:00
107,107,2021-01-28 05:10:25
108,108,2021-02-06 00:35:30
109,109,2021-09-09 00:33:51
110,110,2021-07-29 23:31:07
111,111,2021-09-08 19:32:47
112,112,2021-07-26 11:05:39
113,113,2021-04-19 00:00:34
114,114,2021-11-20 02:23:46
115,115,2021-10-29 12:26:55
116,116,2021-03-30 10:01:17
117,117,2021-11-15 19:25:52
118,118,2022-01-10 20:33:19
119,119,2021-04-24 05:52:04
120,120,2022-01-04 10:31:26
121,121,2022-01-29 17:24:03
122,122,2021-05-13 23:23:19
123,123,2021-02-09 09:38:47
124,124,2022-01-14 10:58:50
125,125,2021-06-09 10:50:17
126,126,2021-03-19 01:09:31
127,127,2021-05-16 18:24:22
128,128,2021-07-17 04:50:58
129,129,2021-02-06 20:53:09
130,130,2021-07-27 16:38:29
131,131,2021-03-28 09:41:12
132,132,2021-05-14 13:04:52
133,133,2021-02-18 21:17:12
134,134,2021-11-23 03:26:36
135,135,2022-01-30 18:17:27
136,136,2021-06-17 11:38:51
137,137,2021-04-27 21:46:02
138,138,2021-12-25 14:31:35
139,139,2021-04-04 08:39:21
140,140,2021-05-27 21:07:09
141,141,2021-04-02 09:25:26
142,142,2021-05-01 14:05:25
143,143,2021-02-01 10:54:27
144,144,2021-03-24 03:08:23
145,145,2021-02-09 10:22:52
146,146,2021-10-17 05:54:06
147,147,2021-07-10 15:03:24
148,148,2021-09-03 03:04:23
149,149,2021-11-18 05:50:54
150,150,2021-08-22 14:03:46
151,151,2021-03-08 08:21:25
152,152,2021-07-06 17:38:01
153,153,2021-12-18 03:11:50
154,154,2021-05-19 15:10:11
155,155,2022-01-18 20:12:13
156,156,2021-08-19 04:47:05
157,157,2021-12-29 19:59:10
158,158,2021-04-22 05:45:07
159,159,2021-07-22 10:07:23
160,160,2021-06-05 20:45:58
161,161,2021-05-21 11:10:36
162,162,2022-01-07 04:26:11
163,163,2021-06-18 18:01:35
164,164,2021-01-23 08:15:15
165,165,2021-08-31 17:48:04
166,166,2022-01-14 01:36:13
167,167,2021-08-14 02:36:44
168,168,2021-08-15 09:24:29
169,169,2022-01-10 00:28:59
170,170,2021-06-09 22:17:41
171,171,2021-10-01 12:10:14
172,172,2022-01-28 09:32:32
173,173,2021-07-24 09:23:29
174,174,2021-07-11 03:47:09
175,175,2021-03-03 02:46:57
176,176,2021-12-22 03:13:46
177,177,2021-09-08 22:54:21
178,178,2021-05-02 03:19:55
179,179,2021-12-16 01:13:02
180,180,2021-05-05 14:00:57
181,181,2021-03-10 23:07:01
182,182,2021-05-31 03:29:09
183,183,2021-11-13 14:01:31
184,184,2021-02-16 01:43:05
185,185,2021-03-21 16:53:04
186,186,2021-08-12 08:53:58
187,187,2021-08-03 13:50:20
188,188,2022-01-28 22:18:21
189,189,2021-12-29 23:13:12
190,190,2021-06-30 19:15:41
191,191,2021-03-20 07:19:45
192,192,2021-01-14 16:51:03
193,193,2021-09-30 19:57:27
194,194,2021-08-22 07:15:11
195,195,2021-03-15 20:21:36
196,196,2021-11-07 08:08:08
197,197,2021-02-20 12:33:26
198,198,2021-12-07 10:08:05
199,199,2021-03-01 09:36:22
200,200,2021-11-14 14:25:41
201,201,2021-07-04 02:49:36
202,202,2021-04-30 14:04:57
203,203,2021-01-27 14:38:25
204,204,2021-11-15 20:53:57
205,205,2021-06-07 14:57:46
206,206,2021-07-01 01:05:45
207,207,2021-04-26 07:10:27
208,208,2021-06-19 19:08:38
209,209,2021-10-29 04:03:41
210,210,2021-04-02 06:53:20
211,211,2021-09-25 16:51:58
212,212,2022-01-28 20:53:40
213,213,2021-01-13 08:31:00
214,214,2021-03-10 11:34:27
215,215,2021-02-19 22:25:03
216,216,2022-01-29 11:17:10
217,217,2021-10-29 00:23:02
218,218,2021-10-01 13:06:16
219,219,2021-04-30 02:20:54
220,220,2021-04-12 14:40:54
221,221,2021-06-25 17:48:20
222,222,2021-02-14 23:37:05
223,223,2021-07-05 04:37:59
224,224,2021-04-16 22:30:10
225,225,2021-02-21 13:17:57
226,226,2021-07-07 00:18:16
227,227,2021-12-20 22:31:03
228,228,2021-08-16 17:34:42
229,229,2021-01-26 18:46:15
230,230,2021-08-19 14:18:48
231,231,2021-03-16 04:30:27
232,232,2021-05-17 19:30:42
233,233,2021-08-01 11:43:54
234,234,2021-03-02 13:58:57
235,235,2021-08-02 15:02:07
236,236,2021-07-28 16:26:07
237,237,2022-01-28 23:53:01
238,238,2021-08-25 00:49:14
239,239,2021-04-17 22:56:21
240,240,2021-11-26 21:05:10
241,241,2021-07-09 11:40:16
242,242,2021-09-18 23:07:16
243,243,2021-02-14 20:04:33
244,244,2021-03-12 10:03:53
245,245,2021-04-22 03:35:25
246,246,2021-06-26 09:12:03
247,247,2021-06-12 01:33:57
248,248,2021-12-20 18:31:49
249,249,2021-11-02 20:44:09
250,250,2021-04-10 12:17:19
251,251,2021-03-08 16:07:06
252,252,2021-03-27 00:05:21
253,253,2021-04-11 09:07:19
254,254,2021-08-11 04:24:48
255,255,2021-03-04 02:26:10
256,256,2021-04-16 15:14:36
257,257,2021-04-30 10:13:13
258,258,2021-03-22 17:46:14
259,259,2021-12-23 19:37:37
260,260,2021-12-14 06:11:49
261,261,2021-11-26 17:40:05
262,262,2021-04-01 13:07:07
263,263,2021-04-09 11:15:55
264,264,2021-09-13 11:34:03
265,265,2021-11-15 11:43:51
266,266,2021-01-29 05:04:09
267,267,2021-08-07 11:20:04
268,268,2022-01-04 01:04:53
269,269,2021-02-25 16:51:12
270,270,2021-04-11 04:44:04
271,271,2021-10-16 00:34:50
272,272,2021-04-21 16:26:03
273,273,2021-03-12 21:47:34
274,274,2021-02-11 16:26:44
275,275,2021-05-04 01:26:24
276,276,2021-04-10 08:18:32
277,277,2021-07-20 14:29:11
278,278,2021-02-03 07:13:17
279,279,2022-01-13 07:13:35
280,280,2022-01-25 10:35:59
281,281,2021-11-25 23:54:32
282,282,2021-09-21 02:09:05
283,283,2021-03-06 11:47:26
284,284,2021-04-20 20:28:58
285,285,2021-04-18 21:07:45
286,286,2021-04-19 18:40:22
287,287,2021-01-17 18:01:36
288,288,2021-03-27 16:04:31
289,289,2021-03-04 04:04:40
290,290,2021-05-12 15:25:36
291,291,2022-01-17 11:56:37
292,292,2021-11-10 06:39:17
293,293,2021-12-08 21:55:27
294,294,2021-04-03 14:43:45
295,295,2021-02-28 00:31:39
296,296,2021-05-22 13:12:52
297,297,2021-10-15 02:19:59
298,298,2021-02-09 08:41:33
299,299,2021-12-31 07:25:22
300,300,2021-11-11 15:06:39
301,301,2021-07-01 03:28:38
302,302,2021-09-30 21:33:13
303,303,2021-07-14 21:41:40
304,304,2021-03-25 14:34:57
305,305,2021-05-05 04:54:54
306,306,2021-05-25 18:03:37
307,307,2021-05-17 22:17:41
308,308,2021-03-29 23:10:13
309,309,2021-08-10 17:37:02
310,310,2021-05-05 15:21:21
311,311,2021-01-12 17:33:47
312,312,2021-06-03 13:01:33
313,313,2022-01-25 22:13:29
314,314,2021-06-20 01:59:49
315,315,2021-05-22 07:27:38
316,316,2021-11-16 16:40:51
317,317,2021-05-24 15:02:18
318,318,2021-06-22 16:41:35
319,319,2021-04-23 16:49:53
320,320,2021-10-24 19:21:38
321,321,2021-05-11 19:35:30
322,322,2021-06-02 14:48:40
323,323,2021-08-15 04:37:01
324,324,2022-01-01 22:58:09
325,325,2021-01-18 22:23:02
326,326,2021-10-13 17:07:34
327,327,2021-01-17 02:16:50
328,328,2021-07-06 13:16:17
329,329,2022-01-12 09:32:28
330,330,2021-03-24 22:52:22
331,331,2021-05-18 09:08:10
332,332,2021-06-01 16:24:18
333,333,2021-11-27 11:02:09
334,334,2021-09-21 01:42:16
335,335,2021-12-27 04:10:20
336,336,2021-08-10 19:13:12
337,337,2021-11-20 02:28:19
338,338,2021-08-25 02:35:09
339,339,2021-07-27 09:47:52
340,340,2022-01-27 10:43:21
341,341,2021-08-15 12:16:38
342,342,2021-12-31 11:50:30
343,343,2021-01-25 06:41:42
344,344,2021-11-21 06:24:46
345,345,2021-08-05 05:03:18
346,346,2022-01-27 17:51:31
347,347,2021-06-08 11:52:53
348,348,2021-08-16 20:26:27
349,349,2021-12-25 19:59:05
350,350,2021-09-11 23:39:00
351,351,2021-01-29 18:01:00
352,352,2021-06-16 07:34:11
353,353,2021-02-18 12:35:56
354,354,2022-01-26 07:24:40
355,355,2021-11-25 02:35:40
356,356,2021-09-15 17:25:36
357,357,2021-10-29 21:22:31
358,358,2021-05-17 15:48:55
359,359,2021-01-17 13:15:57
360,360,2021-10-27 06:03:25
361,361,2022-01-30 19:34:10
362,362,2021-02-16 02:59:33
363,363,2021-03-27 07:47:49
364,364,2021-05-28 15:31:03
365,365,2021-12-19 16:16:44
366,366,2021-06-28 00:56:22
367,367,2021-11-21 20:55:30
368,368,2021-05-16 23:57:48
369,369,2021-09-22 14:39:18
370,370,2021-02-26 16:15:23
371,371,2022-01-26 14:05:06
372,372,2021-03-13 13:46:41
373,373,2021-11-11 04:06:49
374,374,2021-11-21 22:44:09
375,375,2021-07-19 07:18:36
376,376,2021-05-25 12:19:32
377,377,2021-12-14 09:05:33
378,378,2021-04-07 22:19:29
379,379,2021-03-07 20:32:28
380,380,2021-05-25 20:49:26
381,381,2021-02-16 03:53:38
382,382,2021-04-29 09:37:32
383,383,2021-07-29 21:36:13
384,384,2021-11-27 19:01:49
385,385,2021-12-24 18:51:07
386,386,2021-10-06 16:22:56
387,387,2021-06-26 01:21:56
388,388,2021-04-02 15:18:08
389,389,2021-07-22 20:25:17
390,390,2021-11-01 16:40:53
391,391,2021-08-11 03:33:31
392,392,2021-06-04 18:32:26
393,393,2021-07-20 12:11:29
394,394,2021-11-10 22:33:38
395,395,2021-01-22 18:44:03
396,396,2021-06-16 12:15:50
397,397,2021-09-29 11:00:37
398,398,2021-11-17 13:04:45
399,399,2021-09-18 07:03:57
400,400,2021-11-02 08:31:38
401,401,2021-12-05 15:47:57
402,402,2021-01-22 13:20:01
403,403,2021-12-31 13:44:34
404,404,2021-03-04 20:42:33
405,405,2021-08-04 17:45:14
406,406,2021-05-12 19:44:42
407,407,2021-11-06 05:03:04
408,408,2021-03-18 23:01:13
409,409,2021-07-03 14:01:53
410,410,2021-10-26 19:18:01
411,411,2021-06-13 14:38:26
412,412,2021-09-17 13:53:11
413,413,2021-02-04 01:49:43
414,414,2021-03-30 14:34:04
415,415,2021-04-15 00:14:13
416,416,2021-04-03 14:31:04
417,417,2021-09-15 04:08:06
418,418,2021-07-22 13:55:16
419,419,2021-04-22 00:17:37
420,420,2021-05-25 07:34:59
421,421,2021-02-20 07:24:56
422,422,2021-12-18 03:23:23
423,423,2022-01-08 01:44:36
424,424,2021-08-02 02:05:02
425,425,2021-09-22 11:59:18
426,426,2022-01-05 23:48:36
427,427,2021-06-30 15:23:06
428,428,2021-03-16 18:51:37
429,429,2021-04-09 13:03:08
430,430,2021-12-26 23:03:14
431,431,2021-02-08 00:36:27
432,432,2021-04-01 12:18:57
433,433,2021-04-26 05:29:30
434,434,2021-01-18 07:24:29
435,435,2022-01-01 23:26:22
436,436,2021-02-03 10:24:15
437,437,2021-07-31 05:07:56
438,438,2021-12-06 08:43:31
439,439,2021-08-31 08:15:46
440,440,2021-08-30 08:23:02
441,441,2021-11-26 03:07:17
442,442,2021-12-16 09:52:04
443,443,2021-12-17 09:26:52
444,444,2022-01-11 01:25:31
445,445,2021-12-21 09:45:47
446,446,2022-01-23 07:53:03
447,447,2021-08-05 00:29:24
448,448,2021-11-08 16:02:32
449,449,2022-01-11 08:11:03
450,450,2021-12-15 04:00:06
451,451,2021-08-08 15:30:05
452,452,2021-09-21 22:04:11
453,453,2021-01-16 23:15:41
454,454,2021-09-13 20:05:01
455,455,2021-02-02 12:26:57
456,456,2021-07-07 17:13:13
457,457,2021-05-27 01:18:39
458,458,2021-03-18 03:50:31
459,459,2021-12-26 04:29:23
460,460,2021-07-19 03:13:52
461,461,2021-07-30 06:12:05
462,462,2022-01-14 22:10:35
463,463,2021-01-23 13:27:36
464,464,2021-08-27 14:44:08
465,465,2021-07-05 00:40:08
466,466,2022-01-23 19:19:00
467,467,2021-03-12 01:37:25
468,468,2021-03-18 09:08:38
469,469,2021-06-15 15:28:15
470,470,2021-07-21 08:43:12
471,471,2021-01-31 18:12:14
472,472,2021-04-08 02:38:11
473,473,2021-04-12 19:50:46
474,474,2021-11-05 11:07:37
475,475,2021-03-04 05:30:18
476,476,2021-04-21 23:06:09
477,477,2021-01-26 15:27:29
478,478,2021-06-05 16:34:53
479,479,2021-01-19 21:17:05
480,480,2021-06-18 03:13:19
481,481,2022-01-03 21:54:56
482,482,2021-10-09 11:57:12
483,483,2021-11-19 00:19:43
484,484,2022-01-27 07:36:45
485,485,2021-08-05 04:41:25
486,486,2021-05-02 01:58:53
487,487,2021-04-10 04:11:57
488,488,2021-11-11 09:35:04
489,489,2021-02-26 11:50:47
490,490,2021-03-01 22:47:37
491,491,2021-09-24 10:27:09
492,492,2021-09-06 08:52:52
493,493,2022-01-29 03:00:05
494,494,2021-07-16 13:39:36
495,495,2021-09-16 08:55:26
496,496,2022-01-04 00:39:09
497,497,2021-03-18 04:35:27
498,498,2021-03-25 23:23:00
499,499,2021-04-16 20:46:59
500,500,2021-05-09 21:35:25
501,501,2021-05-03 09:58:20
502,502,2021-06-08 03:57:24
503,503,2022-01-17 03:39:35
504,504,2021-12-08 12:21:54
505,505,2021-03-18 03:07:26
506,506,2021-01-16 15:03:55
507,507,2021-11-02 02:11:13
508,508,2021-01-29 10:22:51
509,509,2021-04-22 17:40:11
510,510,2021-07-23 10:04:46
511,511,2021-12-20 17:37:52
512,512,2021-09-09 22:47:21
513,513,2021-09-27 05:45:35
514,514,2021-11-27 05:31:30
515,515,2021-02-26 04:20:06
516,516,2022-01-30 16:52:07
517,517,2021-02-20 13:17:17
518,518,2022-01-11 01:16:03
519,519,2021-06-17 06:16:06
520,520,2021-07-20 18:07:14
521,521,2022-01-18 05:07:39
522,522,2021-08-20 01:39:11
523,523,2021-12-13 14:44:23
524,524,2021-03-26 11:00:43
525,525,2021-10-12 22:01:01
526,526,2021-11-04 10:15:57
527,527,2022-01-22 00:03:27
528,528,2021-06-29 11:56:50
529,529,2021-10-03 18:11:15
530,530,2021-05-29 22:43:10
531,531,2021-12-14 12:47:33
532,532,2021-11-30 22:12:02
533,533,2021-11-08 11:58:52
534,534,2021-09-03 12:23:02
535,535,2021-10-26 07:47:33
536,536,2021-12-15 13:52:03
537,537,2021-06-08 20:18:00
538,538,2021-11-13 18:44:36
539,539,2021-10-17 01:18:16
540,540,2021-01-29 14:40:59
541,541,2021-05-11 12:07:22
542,542,2021-07-25 14:27:40
543,543,2021-05-29 00:54:04
544,544,2021-07-28 10:36:50
545,545,2021-04-25 10:44:22
546,546,2021-08-22 11:48:03
547,547,2021-10-13 11:20:24
548,548,2021-04-12 06:48:08
549,549,2021-06-26 02:52:24
550,550,2021-09-09 04:57:49
551,551,2021-05-08 21:02:11
552,552,2021-07-06 05:53:50
553,553,2021-09-02 14:53:36
554,554,2021-03-30 11:32:56
555,555,2021-05-09 11:33:23
556,556,2021-06-28 23:55:06
557,557,2021-05-14 03:27:51
558,558,2021-07-13 16:07:35
559,559,2021-05-14 08:26:50
560,560,2021-01-27 14:58:09
561,561,2021-03-09 08:01:44
562,562,2021-01-29 20:03:14
563,563,2022-01-21 16:00:23
564,564,2021-08-22 17:11:25
565,565,2021-08-17 10:58:21
566,566,2022-01-30 20:01:59
567,567,2021-01-12 11:23:09
568,568,2021-01-22 18:54:50
569,569,2021-05-07 15:45:17
570,570,2021-07-01 00:50:54
571,571,2021-02-18 13:47:24
572,572,2021-02-23 02:29:37
573,573,2021-10-18 09:54:04
574,574,2021-01-15 03:21:35
575,575,2021-06-26 19:38:50
576,576,2021-12-28 10:03:26
577,577,2021-03-04 10:32:07
578,578,2021-06-30 19:01:20
579,579,2021-10-09 00:33:28
580,580,2021-02-07 02:38:11
581,581,2021-04-08 04:36:39
582,582,2021-07-11 02:05:38
583,583,2021-12-17 18:55:57
584,584,2021-10-31 08:03:12
585,585,2022-01-21 04:06:42
586,586,2021-07-14 02:38:32
587,587,2022-01-03 10:51:54
588,588,2021-02-12 06:58:51
589,589,2021-02-21 09:37:22
590,590,2021-04-22 23:43:17
591,591,2021-12-21 13:23:42
592,592,2021-05-20 04:12:47
593,593,2022-01-29 10:02:29
594,594,2021-02-08 12:04:39
595,595,2021-05-21 02:08:38
596,596,2021-07-29 00:48:48
597,597,2021-08-03 21:37:34
598,598,2021-10-04 18:18:40
599,599,2021-03-06 10:05:13
600,600,2021-09-04 19:16:29
601,601,2022-01-19 00:51:23
602,602,2021-07-24 23:53:21
603,603,2021-08-26 12:12:44
604,604,2021-04-26 07:56:28
605,605,2021-09-16 10:30:56
606,606,2021-02-08 22:58:57
607,607,2021-11-03 17:25:47
608,608,2021-01-20 02:52:00
609,609,2021-02-23 01:58:14
610,610,2021-10-09 21:17:30
611,611,2021-02-03 06:32:00
612,612,2021-11-12 23:24:23
613,613,2021-04-20 22:59:13
614,614,2021-04-03 16:14:16
615,615,2021-07-15 11:59:25
616,616,2021-02-25 22:06:35
617,617,2021-11-03 20:18:11
618,618,2021-03-28 05:10:44
619,619,2021-04-14 11:42:01
620,620,2021-10-09 14:40:45
621,621,2021-06-05 03:54:04
622,622,2021-05-16 20:15:04
623,623,2021-01-12 05:01:47
624,624,2021-01-28 11:45:39
625,625,2021-05-01 07:02:28
626,626,2021-03-19 11:20:48
627,627,2021-09-04 02:52:36
628,628,2021-05-21 23:03:02
629,629,2021-03-25 23:51:32
630,630,2021-11-25 20:52:25
631,631,2021-02-05 23:23:01
632,632,2021-03-20 17:30:26
633,633,2021-11-09 16:53:59
634,634,2021-12-19 14:04:59
635,635,2022-01-29 11:31:42
636,636,2021-07-13 13:05:44
637,637,2021-02-06 08:34:57
638,638,2021-10-07 19:02:55
639,639,2021-03-14 21:43:31
640,640,2021-12-29 20:23:28
641,641,2021-06-03 10:30:17
642,642,2021-10-21 10:11:26
643,643,2021-02-25 10:53:07
644,644,2021-07-31 13:32:39
645,645,2021-05-05 03:29:45
646,646,2021-06-22 17:59:14
647,647,2021-06-15 23:25:01
648,648,2021-02-05 07:14:45
649,649,2021-02-16 22:18:52
650,650,2021-08-02 05:02:27
651,651,2021-06-16 09:12:37
652,652,2021-03-18 18:34:34
653,653,2021-09-15 00:30:25
654,654,2021-02-04 10:52:59
655,655,2021-07-22 06:40:30
656,656,2021-11-17 20:37:22
657,657,2021-08-15 17:10:06
658,658,2021-06-24 06:09:00
659,659,2021-10-12 23:36:12
660,660,2021-08-15 10:07:36
661,661,2021-07-10 16:00:12
662,662,2021-09-02 02:30:35
663,663,2021-04-22 04:01:42
664,664,2021-06-12 18:59:10
665,665,2021-01-25 16:01:14
666,666,2021-02-23 01:43:35
667,667,2021-12-10 20:42:02
668,668,2021-01-20 06:41:26
669,669,2021-07-02 03:01:22
670,670,2021-06-25 20:22:12
671,671,2021-03-10 03:27:27
672,672,2021-04-06 12:55:58
673,673,2021-10-30 04:05:01
674,674,2021-10-13 08:20:45
675,675,2021-08-13 07:08:24
676,676,2021-02-25 07:12:42
677,677,2021-03-01 13:01:23
678,678,2021-12-23 08:11:12
679,679,2021-06-25 07:06:09
680,680,2021-08-28 23:39:50
681,681,2021-02-02 04:28:51
682,682,2021-04-01 09:52:26
683,683,2021-09-01 21:29:26
684,684,2021-07-25 23:29:13
685,685,2021-01-19 07:51:21
686,686,2021-11-30 18:16:50
687,687,2021-10-04 15:38:57
688,688,2021-04-04 14:52:27
689,689,2021-12-11 22:58:20
690,690,2021-11-14 02:48:07
691,691,2021-07-13 16:04:25
692,692,2021-06-11 04:28:16
693,693,2022-01-19 19:24:48
694,694,2021-09-11 06:06:30
695,695,2021-03-06 21:48:40
696,696,2021-09-22 10:01:43
697,697,2021-03-08 20:47:10
698,698,2021-07-14 04:38:51
699,699,2021-11-05 05:19:53
700,700,2021-09-07 05:19:06
701,701,2021-03-30 18:25:27
702,702,2021-11-14 22:27:04
703,703,2021-07-10 09:25:18
704,704,2021-10-12 12:57:10
705,705,2021-02-06 18:52:33
706,706,2021-05-03 14:15:26
707,707,2021-09-07 00:50:16
708,708,2021-10-06 00:32:05
709,709,2021-03-10 02:45:03
710,710,2021-09-25 23:27:25
711,711,2021-02-25 06:06:01
712,712,2021-04-19 12:02:01
713,713,2021-07-01 12:17:40
714,714,2021-01-15 14:12:39
715,715,2021-03-23 01:03:06
716,716,2021-05-18 07:47:48
717,717,2021-01-24 23:22:24
718,718,2021-09-10 06:45:46
719,719,2021-03-25 23:45:08
720,720,2021-11-13 11:30:15
721,721,2021-04-09 07:36:09
722,722,2021-04-15 16:26:57
723,723,2021-12-29 18:45:55
724,724,2021-11-05 12:45:56
725,725,2021-02-01 02:27:44
726,726,2021-03-23 05:59:06
727,727,2021-06-25 05:51:55
728,728,2021-11-29 12:23:48
729,729,2021-12-09 08:58:24
730,730,2021-03-15 06:45:36
731,731,2021-04-23 03:39:32
732,732,2021-05-02 13:41:55
733,733,2021-06-10 05:04:57
734,734,2021-02-24 20:31:41
735,735,2021-08-30 04:34:37
736,736,2021-12-24 23:46:11
737,737,2021-12-02 18:40:02
738,738,2021-02-17 23:58:50
739,739,2021-08-26 23:53:44
740,740,2021-02-12 02:49:57
741,741,2022-01-19 23:22:20
742,742,2021-06-16 20:16:03
743,743,2021-05-03 18:15:00
744,744,2021-02-05 14:11:52
745,745,2021-11-03 08:19:15
746,746,2021-08-17 09:56:07
747,747,2021-05-15 00:29:50
748,748,2021-08-01 17:13:15
749,749,2021-05-07 23:58:02
750,750,2022-01-18 01:03:14
751,751,2021-12-18 01:42:31
752,752,2021-03-10 11:49:31
753,753,2021-08-31 09:04:03
754,754,2021-06-13 17:18:55
755,755,2021-07-14 09:27:27
756,756,2021-02-12 04:24:46
757,757,2021-10-11 12:37:54
758,758,2021-01-17 04:09:56
759,759,2021-11-16 05:20:13
760,760,2021-01-27 20:25:51
761,761,2021-10-04 08:36:06
762,762,2021-04-29 11:49:37
763,763,2021-10-19 02:18:33
764,764,2021-05-22 10:45:58
765,765,2021-12-23 19:16:12
766,766,2022-01-18 16:01:12
767,767,2021-09-05 23:31:29
768,768,2021-02-11 03:49:26
769,769,2021-10-20 19:15:09
770,770,2021-05-18 02:25:19
771,771,2021-05-21 01:12:16
772,772,2021-02-22 16:14:09
773,773,2021-02-08 19:59:47
774,774,2021-06-11 04:37:44
775,775,2021-10-16 06:10:41
776,776,2021-11-18 17:38:40
777,777,2021-02-28 01:07:34
778,778,2021-12-20 04:56:58
779,779,2021-01-31 20:45:51
780,780,2021-09-19 20:41:55
781,781,2021-06-17 02:19:11
782,782,2021-07-28 16:52:44
783,783,2021-10-31 12:01:45
784,784,2021-04-17 07:33:05
785,785,2021-09-14 16:12:16
786,786,2021-05-17 22:56:01
787,787,2021-04-01 23:10:08
788,788,2021-06-18 20:10:15
789,789,2021-11-04 17:18:54
790,790,2022-01-18 17:56:39
791,791,2021-06-05 16:17:54
792,792,2021-09-26 18:15:55
793,793,2021-03-07 16:12:20
794,794,2021-06-05 05:47:42
795,795,2021-07-30 06:38:33
796,796,2021-11-06 19:59:55
797,797,2021-04-12 21:57:43
798,798,2021-05-03 12:10:41
799,799,2021-10-15 17:50:46
800,800,2021-06-21 12:29:21
801,801,2021-07-30 12:31:05
802,802,2021-06-30 06:31:28
803,803,2022-01-03 04:53:29
804,804,2022-01-05 00:30:21
805,805,2021-06-19 22:16:37
806,806,2021-02-22 00:13:42
807,807,2021-10-08 08:39:09
808,808,2022-01-27 21:23:06
809,809,2021-03-02 07:07:41
810,810,2021-12-05 11:53:29
811,811,2021-08-01 05:18:03
812,812,2021-10-30 11:57:39
813,813,2022-01-07 07:56:09
814,814,2021-05-04 04:13:50
815,815,2021-12-24 12:04:10
816,816,2021-04-19 20:58:53
817,817,2021-12-15 03:25:34
818,818,2021-07-07 00:15:47
819,819,2021-11-15 09:53:42
820,820,2021-07-30 04:25:35
821,821,2021-03-23 08:41:25
822,822,2021-12-03 05:20:26
823,823,2021-11-23 12:51:17
824,824,2021-03-25 12:32:59
825,825,2021-11-06 03:31:13
826,826,2021-03-12 11:17:56
827,827,2021-11-05 01:26:05
828,828,2022-01-02 22:53:24
829,829,2021-11-24 15:55:02
830,830,2021-12-14 15:56:28
831,831,2021-04-24 08:43:37
832,832,2021-01-23 03:08:16
833,833,2021-09-17 12:37:21
834,834,2021-03-12 06:34:43
835,835,2021-04-04 00:01:41
836,836,2021-06-21 00:01:37
837,837,2021-01-30 02:49:02
838,838,2021-05-28 07:06:34
839,839,2022-01-10 10:04:09
840,840,2021-09-06 15:48:12
841,841,2021-02-25 12:17:50
842,842,2021-08-21 03:57:55
843,843,2021-06-04 10:02:37
844,844,2021-03-04 11:22:36
845,845,2021-06-13 13:04:48
846,846,2021-02-23 19:33:38
847,847,2021-07-01 21:15:25
848,848,2021-11-30 04:28:15
849,849,2021-09-13 00:09:52
850,850,2021-12-31 23:48:13
851,851,2021-10-20 16:55:56
852,852,2021-03-12 12:29:46
853,853,2021-11-13 23:37:24
854,854,2021-09-01 10:01:31
855,855,2021-06-12 22:01:46
856,856,2021-11-18 21:47:07
857,857,2021-08-05 08:42:43
858,858,2021-11-01 23:12:59
859,859,2021-07-19 23:39:25
860,860,2021-12-10 13:05:52
861,861,2021-02-22 09:39:16
862,862,2021-12-06 10:48:26
863,863,2021-03-28 12:04:29
864,864,2021-10-15 18:27:08
865,865,2021-08-09 06:15:39
866,866,2021-02-05 06:46:09
867,867,2021-02-15 01:58:09
868,868,2021-05-14 05:23:31
869,869,2021-06-25 08:55:05
870,870,2021-09-28 06:49:43
871,871,2022-01-09 02:32:52
872,872,2021-11-04 15:01:30
873,873,2021-06-18 11:05:09
874,874,2022-01-10 16:22:02
875,875,2021-09-07 01:31:52
876,876,2021-07-14 15:31:57
877,877,2021-05-10 15:42:33
878,878,2021-06-11 16:06:16
879,879,2021-11-23 22:07:17
880,880,2021-06-04 12:15:19
881,881,2021-09-30 20:09:24
882,882,2021-07-02 15:40:23
883,883,2021-03-22 23:34:33
884,884,2021-12-26 00:41:21
885,885,2021-03-18 15:21:37
886,886,2021-08-08 22:22:09
887,887,2021-12-07 16:01:25
888,888,2021-04-03 01:24:46
889,889,2021-04-30 02:01:54
890,890,2021-08-03 20:31:17
891,891,2021-02-27 03:57:30
892,892,2021-03-18 14:24:06
893,893,2021-08-08 00:13:13
894,894,2021-05-09 01:59:26
895,895,2021-07-16 20:46:48
896,896,2021-04-17 20:46:34
897,897,2021-03-03 11:22:18
898,898,2021-08-03 15:38:26
899,899,2022-01-01 20:52:48
900,900,2021-06-26 22:19:08
901,901,2021-04-06 09:01:00
902,902,2021-05-28 09:17:54
903,903,2021-07-16 12:47:15
904,904,2022-01-12 19:29:03
905,905,2021-07-14 21:44:33
906,906,2022-01-19 08:25:26
907,907,2021-12-08 21:40:24
908,908,2021-12-22 08:35:48
909,909,2021-10-01 01:14:02
910,910,2021-08-10 10:31:41
911,911,2021-05-27 02:17:44
912,912,2021-05-06 00:47:53
913,913,2021-07-15 04:40:22
914,914,2021-03-24 03:18:35
915,915,2021-11-29 13:32:28
916,916,2021-07-19 11:30:33
917,917,2021-07-15 04:20:42
918,918,2021-08-29 11:02:35
919,919,2021-10-02 14:39:08
920,920,2021-04-08 13:49:19
921,921,2021-12-29 08:04:09
922,922,2021-09-01 09:43:49
923,923,2021-01-21 04:17:03
924,924,2021-02-23 18:38:55
925,925,2022-01-05 19:37:11
926,926,2021-06-19 21:09:52
927,927,2021-11-11 17:55:22
928,928,2021-08-24 03:17:54
929,929,2021-07-06 04:50:01
930,930,2021-05-21 04:52:35
931,931,2021-06-28 22:37:06
932,932,2021-07-29 22:14:43
933,933,2021-02-27 21:59:12
934,934,2021-06-30 19:39:38
935,935,2021-09-25 17:49:43
936,936,2021-03-02 15:11:01
937,937,2021-09-07 17:23:13
938,938,2021-04-01 10:55:04
939,939,2021-02-20 06:46:32
940,940,2021-11-18 11:41:57
941,941,2021-06-14 02:12:49
942,942,2021-10-25 04:25:44
943,943,2021-09-25 10:36:39
944,944,2021-10-05 09:26:29
945,945,2021-05-31 14:57:11
946,946,2021-08-18 08:28:35
947,947,2021-10-17 11:02:38
948,948,2021-02-08 21:41:31
949,949,2021-04-01 03:56:12
950,950,2021-09-20 00:45:58
951,951,2021-05-16 00:35:12
952,952,2021-07-04 14:43:51
953,953,2021-12-28 23:43:31
954,954,2022-01-20 19:38:38
955,955,2021-12-07 19:59:30
956,956,2021-07-21 21:36:20
957,957,2021-07-09 08:39:13
958,958,2021-11-23 06:44:09
959,959,2022-01-27 14:51:24
960,960,2021-10-28 02:11:13
961,961,2022-01-11 01:00:00
962,962,2021-06-27 06:06:36
963,963,2021-12-24 01:26:24
964,964,2021-04-19 14:24:51
965,965,2021-03-28 23:38:43
966,966,2021-02-04 12:29:00
967,967,2021-09-16 10:32:28
968,968,2021-06-06 13:43:03
969,969,2021-06-25 19:12:29
970,970,2021-03-01 23:04:54
971,971,2021-01-22 23:47:03
972,972,2021-05-25 04:31:51
973,973,2022-01-24 21:21:37
974,974,2021-09-13 23:49:42
975,975,2021-03-08 11:23:51
976,976,2022-01-26 16:26:36
977,977,2021-04-09 21:24:56
978,978,2021-06-26 05:30:56
979,979,2021-04-08 08:55:18
980,980,2021-12-04 23:07:25
981,981,2021-02-16 11:54:57
982,982,2021-02-20 10:58:13
983,983,2021-04-14 01:49:21
984,984,2021-08-02 13:26:43
985,985,2021-11-01 00:32:30
986,986,2021-02-08 10:52:20
987,987,2021-12-10 14:33:07
988,988,2021-02-09 23:14:59
989,989,2021-01-24 19:56:08
990,990,2021-12-26 19:31:36
991,991,2021-10-19 11:28:12
992,992,2021-06-30 19:37:18
993,993,2021-10-28 20:02:14
994,994,2021-12-27 04:13:01
995,995,2021-04-03 03:30:42
996,996,2021-06-21 11:25:34
997,997,2021-09-12 23:35:14
998,998,2021-11-16 12:21:25
999,999,2021-09-12 07:32:32
1000,1000,2021-01-14 06:21:13
